{
  "coordination_info": {
    "timestamp": "2025-10-08T01:05:27.536766",
    "musicxml_file": "Brain/Base/Trill/Saint-Saens Trio No 2.musicxml",
    "midi_file": "Brain/Base/Trill/Saint-Saens Trio No 2.mid",
    "total_notes": 650,
    "coordinator_version": "1.0.0"
  },
  "file_analysis": {
    "xml_notes_found": 650,
    "midi_notes_found": 558,
    "svg_coordinates_calculated": 650
  },
  "matching_statistics": {
    "exact_pitch_matches": 442,
    "enharmonic_matches": 0,
    "unmatched_notes": 208,
    "high_confidence_matches": 442,
    "average_confidence": 0.6798461538461538
  },
  "instrument_breakdown": {
    "P1": {
      "total_notes": 4,
      "matched_to_midi": 4,
      "measures": [
        4,
        5
      ],
      "unique_pitches": [
        "A4",
        "B4",
        "G4"
      ]
    },
    "P2": {
      "total_notes": 646,
      "matched_to_midi": 438,
      "measures": [
        4,
        5,
        7,
        8,
        10,
        11,
        13,
        14,
        16,
        17,
        18,
        19,
        20,
        21,
        22,
        23,
        24,
        25,
        26,
        27,
        28,
        29,
        30,
        31,
        32,
        33,
        34,
        35,
        36,
        37,
        38,
        39,
        40,
        41,
        42,
        43,
        44,
        45,
        46,
        47,
        48,
        49,
        50,
        51,
        52,
        53,
        54,
        55,
        56,
        57,
        58,
        59,
        60,
        61,
        62,
        63,
        64,
        65,
        66,
        67,
        68,
        69,
        70,
        71,
        72,
        73,
        74,
        75,
        76,
        77,
        78,
        79,
        80,
        81,
        82,
        83,
        84,
        85,
        86,
        87,
        88,
        89,
        90,
        91,
        92,
        93,
        94,
        95,
        96,
        97,
        98,
        99,
        100,
        101,
        102,
        103,
        104,
        105,
        106,
        107,
        108,
        109,
        110,
        111,
        112,
        113,
        114,
        119,
        120,
        121,
        122,
        125,
        126,
        127,
        128,
        129,
        130,
        131,
        132,
        133,
        134,
        135,
        136,
        137,
        138,
        139,
        140,
        141,
        142,
        143,
        144,
        145,
        146,
        147,
        148,
        149,
        150,
        151
      ],
      "unique_pitches": [
        "A3",
        "A4",
        "A5",
        "A6",
        "B3",
        "B4",
        "B5",
        "C4",
        "C5",
        "C6",
        "D4",
        "D5",
        "D6",
        "E4",
        "E5",
        "E6",
        "F4",
        "F5",
        "F6",
        "G3",
        "G4",
        "G5",
        "G6"
      ]
    }
  },
  "timing_analysis": {
    "total_duration": 293.875,
    "earliest_note": 6.0,
    "average_duration": 0.4574531014328803,
    "shortest_note": 0.013541666666666667,
    "longest_note": 3.824479166666667
  },
  "coordinate_ranges": {
    "x_range": {
      "min": 2719,
      "max": 90087
    },
    "y_range": {
      "min": 971,
      "max": 1439
    },
    "staff_distribution": {
      "0": 4,
      "1": 646
    }
  }
}