{
  "audio_file": "note_005_Violon_B3_vel64.wav",
  "duration_seconds": 10.0,
  "duration_frames": 300,
  "fps": 30,
  "tempo": 120.0,
  "keyframes": {
    "scale": [
      [
        0,
        50.0
      ],
      [
        4,
        119.94744873046875
      ],
      [
        8,
        148.05130004882812
      ],
      [
        12,
        148.52596282958984
      ],
      [
        16,
        150.0
      ],
      [
        20,
        150.0
      ],
      [
        25,
        150.0
      ],
      [
        29,
        150.0
      ],
      [
        33,
        150.0
      ],
      [
        37,
        150.0
      ],
      [
        41,
        150.0
      ],
      [
        45,
        150.0
      ],
      [
        50,
        150.0
      ],
      [
        54,
        150.0
      ],
      [
        58,
        150.0
      ],
      [
        62,
        150.0
      ],
      [
        66,
        150.0
      ],
      [
        71,
        150.0
      ],
      [
        75,
        150.0
      ],
      [
        79,
        150.0
      ],
      [
        83,
        150.0
      ],
      [
        87,
        150.0
      ],
      [
        91,
        150.0
      ],
      [
        96,
        150.0
      ],
      [
        100,
        150.0
      ],
      [
        104,
        150.0
      ],
      [
        108,
        150.0
      ],
      [
        112,
        150.0
      ],
      [
        117,
        150.0
      ],
      [
        121,
        150.0
      ],
      [
        125,
        150.0
      ],
      [
        129,
        150.0
      ],
      [
        133,
        150.0
      ],
      [
        137,
        150.0
      ],
      [
        142,
        150.0
      ],
      [
        146,
        150.0
      ],
      [
        150,
        150.0
      ],
      [
        154,
        150.0
      ],
      [
        158,
        150.0
      ],
      [
        163,
        150.0
      ],
      [
        167,
        150.0
      ],
      [
        171,
        150.0
      ],
      [
        175,
        150.0
      ],
      [
        179,
        150.0
      ],
      [
        183,
        150.0
      ],
      [
        188,
        150.0
      ],
      [
        192,
        150.0
      ],
      [
        196,
        150.0
      ],
      [
        200,
        150.0
      ],
      [
        204,
        150.0
      ],
      [
        208,
        150.0
      ],
      [
        213,
        150.0
      ],
      [
        217,
        150.0
      ],
      [
        221,
        150.0
      ],
      [
        225,
        150.0
      ],
      [
        229,
        150.0
      ],
      [
        234,
        150.0
      ],
      [
        238,
        150.0
      ],
      [
        242,
        150.0
      ],
      [
        246,
        150.0
      ],
      [
        250,
        150.0
      ],
      [
        254,
        150.0
      ],
      [
        259,
        150.0
      ],
      [
        263,
        150.0
      ],
      [
        267,
        150.0
      ],
      [
        271,
        150.0
      ],
      [
        275,
        150.0
      ],
      [
        280,
        150.0
      ],
      [
        284,
        150.0
      ],
      [
        288,
        150.0
      ],
      [
        292,
        150.0
      ],
      [
        296,
        150.0
      ]
    ],
    "opacity": [
      [
        0,
        20.0
      ],
      [
        4,
        75.95795898437501
      ],
      [
        8,
        98.4410400390625
      ],
      [
        12,
        98.82077026367188
      ],
      [
        16,
        100.0
      ],
      [
        20,
        100.0
      ],
      [
        25,
        100.0
      ],
      [
        29,
        100.0
      ],
      [
        33,
        100.0
      ],
      [
        37,
        100.0
      ],
      [
        41,
        100.0
      ],
      [
        45,
        100.0
      ],
      [
        50,
        100.0
      ],
      [
        54,
        100.0
      ],
      [
        58,
        100.0
      ],
      [
        62,
        100.0
      ],
      [
        66,
        100.0
      ],
      [
        71,
        100.0
      ],
      [
        75,
        100.0
      ],
      [
        79,
        100.0
      ],
      [
        83,
        100.0
      ],
      [
        87,
        100.0
      ],
      [
        91,
        100.0
      ],
      [
        96,
        100.0
      ],
      [
        100,
        100.0
      ],
      [
        104,
        100.0
      ],
      [
        108,
        100.0
      ],
      [
        112,
        100.0
      ],
      [
        117,
        100.0
      ],
      [
        121,
        100.0
      ],
      [
        125,
        100.0
      ],
      [
        129,
        100.0
      ],
      [
        133,
        100.0
      ],
      [
        137,
        100.0
      ],
      [
        142,
        100.0
      ],
      [
        146,
        100.0
      ],
      [
        150,
        100.0
      ],
      [
        154,
        100.0
      ],
      [
        158,
        100.0
      ],
      [
        163,
        100.0
      ],
      [
        167,
        100.0
      ],
      [
        171,
        100.0
      ],
      [
        175,
        100.0
      ],
      [
        179,
        100.0
      ],
      [
        183,
        100.0
      ],
      [
        188,
        100.0
      ],
      [
        192,
        100.0
      ],
      [
        196,
        100.0
      ],
      [
        200,
        100.0
      ],
      [
        204,
        100.0
      ],
      [
        208,
        100.0
      ],
      [
        213,
        100.0
      ],
      [
        217,
        100.0
      ],
      [
        221,
        100.0
      ],
      [
        225,
        100.0
      ],
      [
        229,
        100.0
      ],
      [
        234,
        100.0
      ],
      [
        238,
        100.0
      ],
      [
        242,
        100.0
      ],
      [
        246,
        100.0
      ],
      [
        250,
        100.0
      ],
      [
        254,
        100.0
      ],
      [
        259,
        100.0
      ],
      [
        263,
        100.0
      ],
      [
        267,
        100.0
      ],
      [
        271,
        100.0
      ],
      [
        275,
        100.0
      ],
      [
        280,
        100.0
      ],
      [
        284,
        100.0
      ],
      [
        288,
        100.0
      ],
      [
        292,
        100.0
      ],
      [
        296,
        100.0
      ]
    ],